Round,PlayerId,Position:Y,Position:X,Speed,State,Boosting,Boost-Counter,Damage,#Boosts,#Oil,#Lizards,LastCyberTruck:Y,LastCyberTruck:X,#Tweets,#EMPs,Score
1,2,4,1,5,READY,false,0,0,0,0,0,,,0,0,0
2,2,4,7,6,ACCELERATING,false,0,0,0,0,0,,,0,0,0
3,2,4,15,8,ACCELERATING,false,0,0,0,0,0,,,1,0,4
4,2,4,24,9,ACCELERATING,false,0,0,0,0,0,,,1,0,4
5,2,4,33,9,ACCELERATING,false,0,0,0,0,0,,,1,0,4
6,2,4,42,9,ACCELERATING,false,0,0,0,0,0,,,1,0,4
7,2,4,51,9,ACCELERATING,false,0,0,0,0,0,,,1,0,4
8,2,4,60,9,ACCELERATING,false,0,0,0,1,0,,,1,0,8
9,2,4,69,3,HIT_WALL,false,0,2,1,0,0,,,1,0,11
10,2,4,75,6,ACCELERATING,false,0,2,1,0,0,,,2,0,15
11,2,4,83,6,HIT_MUD,false,0,3,0,0,0,,,2,0,16
12,2,4,89,6,ACCELERATING,false,0,3,0,0,1,,,2,0,20
13,2,4,95,6,USED_LIZARD,false,0,3,0,0,0,,,2,0,20
14,2,4,101,6,ACCELERATING,false,0,3,0,0,0,,,2,0,20
15,2,4,107,0,HIT_MUD,false,0,5,0,0,0,,,2,1,12
16,2,4,107,0,FIXED_CAR,false,0,3,0,0,0,,,2,1,12
17,2,4,110,3,ACCELERATING,false,0,3,0,0,0,,,2,1,12
18,2,4,116,3,HIT_MUD,false,0,4,0,0,0,,,2,2,13
19,2,4,119,3,ACCELERATING,false,0,4,0,0,0,,,2,2,13
20,2,4,122,3,ACCELERATING,false,0,4,0,0,0,,,2,2,13
21,2,4,125,3,ACCELERATING,false,0,4,0,0,0,,,2,2,13
22,2,4,128,0,HIT_WALL,false,0,5,0,0,0,,,2,2,8
23,2,4,128,0,FIXED_CAR,false,0,3,0,0,0,,,2,2,8
24,2,4,131,3,ACCELERATING,false,0,3,0,0,0,,,2,2,8
25,2,4,137,6,ACCELERATING,false,0,3,0,0,0,,,2,2,8
26,2,4,143,6,ACCELERATING,false,0,3,0,0,0,,,2,2,8
27,2,4,149,6,ACCELERATING,false,0,3,0,1,0,,,2,2,12
28,2,4,155,6,ACCELERATING,false,0,3,0,1,0,,,2,2,12
29,2,4,161,3,HIT_MUD,false,0,4,0,1,0,,,2,2,9
30,2,4,164,3,ACCELERATING,false,0,4,0,1,0,,,2,2,9
31,2,4,167,3,ACCELERATING,false,0,4,0,1,0,,,2,2,9
32,2,4,170,3,ACCELERATING,false,0,4,0,1,0,,,2,2,9
33,2,4,173,3,ACCELERATING,false,0,4,0,1,0,,,2,2,9
34,2,4,176,3,ACCELERATING,false,0,4,0,1,0,,,2,2,9
35,2,4,179,3,ACCELERATING,false,0,4,0,1,0,,,2,2,9
36,2,4,182,3,ACCELERATING,false,0,4,0,1,0,,,2,2,9
37,2,4,185,0,HIT_MUD,false,0,5,0,2,0,,,2,2,10
38,2,4,185,0,FIXED_CAR,false,0,3,0,2,0,,,2,2,10
39,2,4,188,3,ACCELERATING,false,0,3,0,2,0,,,2,2,10
40,2,4,194,6,ACCELERATING,false,0,3,0,2,0,,,2,2,10
41,2,4,200,6,ACCELERATING,false,0,3,0,2,1,,,2,2,14
42,2,4,206,6,ACCELERATING,false,0,3,0,2,1,,,2,2,14
43,2,4,212,6,USED_LIZARD,false,0,3,0,2,0,,,2,2,14
44,2,4,218,6,ACCELERATING,false,0,3,0,2,1,,,2,2,18
45,2,4,224,6,USED_LIZARD,false,0,3,0,2,0,,,2,2,18
46,2,4,230,0,HIT_WALL,false,0,5,0,2,1,,,2,2,14
47,2,4,230,0,FIXED_CAR,false,0,3,0,2,1,,,2,2,14
48,2,4,233,3,ACCELERATING,false,0,3,1,2,1,,,2,2,18
49,2,4,239,6,ACCELERATING,false,0,3,1,2,1,,,2,2,18
50,2,4,245,6,USED_LIZARD,false,0,3,1,2,0,,,2,2,18
51,2,4,251,0,HIT_MUD,false,0,5,0,2,0,,,2,2,13
52,2,4,251,0,FIXED_CAR,false,0,3,0,2,0,,,2,2,13
53,2,4,254,0,HIT_MUD,false,0,5,0,2,0,,,2,2,7
54,2,4,254,0,FIXED_CAR,false,0,3,0,2,0,,,2,2,7
55,2,4,257,0,HIT_MUD,false,0,5,0,2,0,,,2,2,-2
56,2,4,257,0,FIXED_CAR,false,0,3,0,2,0,,,2,2,-2
57,2,4,260,3,ACCELERATING,false,0,3,0,2,0,,,2,2,-2
58,2,4,266,6,ACCELERATING,false,0,3,0,2,0,,,2,2,-2
59,2,4,272,6,ACCELERATING,false,0,3,0,2,0,,,2,2,-2
60,2,4,278,6,ACCELERATING,false,0,3,0,2,0,,,2,2,-2
61,2,4,284,6,ACCELERATING,false,0,3,0,2,0,,,2,2,-2
62,2,4,290,6,ACCELERATING,false,0,3,0,2,0,,,2,3,2
63,2,4,296,6,ACCELERATING,false,0,3,0,2,0,,,2,3,2
64,2,4,302,6,ACCELERATING,false,0,3,0,2,0,,,2,3,2
65,2,4,308,6,ACCELERATING,false,0,3,0,2,0,,,2,3,2
66,2,4,314,6,ACCELERATING,false,0,3,0,2,0,,,2,3,2
67,2,4,320,6,ACCELERATING,false,0,3,0,2,0,,,2,3,2
68,2,4,326,3,HIT_MUD,false,0,4,0,3,0,,,2,3,3
69,2,4,329,3,ACCELERATING,false,0,4,0,3,0,,,2,3,3
70,2,4,332,3,ACCELERATING,false,0,4,0,3,0,,,2,3,3
71,2,4,335,0,HIT_MUD,false,0,5,0,3,0,,,2,3,0
72,2,4,335,0,FIXED_CAR,false,0,3,0,3,0,,,2,3,0
73,2,4,338,3,ACCELERATING,false,0,3,0,4,0,,,2,3,4
74,2,4,344,0,HIT_WALL,false,0,5,0,4,0,,,2,3,-1
75,2,4,344,0,FIXED_CAR,false,0,3,0,4,0,,,2,3,-1
76,2,4,347,3,ACCELERATING,false,0,3,0,4,0,,,2,3,-1
77,2,4,353,6,ACCELERATING,false,0,3,0,5,0,,,2,3,3
78,2,4,359,6,ACCELERATING,false,0,3,0,5,0,,,2,3,3
79,2,4,365,6,ACCELERATING,false,0,3,0,5,0,,,2,3,3
80,2,4,371,6,ACCELERATING,false,0,3,0,5,0,,,2,3,3
81,2,4,377,6,ACCELERATING,false,0,3,0,5,0,,,2,3,3
82,2,4,383,6,ACCELERATING,false,0,3,0,5,0,,,2,3,3
83,2,4,389,0,HIT_MUD,false,0,5,0,5,1,,,2,3,1
84,2,4,389,0,FIXED_CAR,false,0,3,0,5,1,,,2,3,1
85,2,4,392,3,ACCELERATING,false,0,3,1,5,1,,,2,3,5
86,2,4,398,6,ACCELERATING,false,0,3,1,5,1,,,2,3,5
87,2,4,404,0,HIT_WALL,false,0,5,0,5,1,,,2,3,4
88,2,4,404,0,FIXED_CAR,false,0,3,0,5,1,,,2,3,4
89,2,4,407,3,ACCELERATING,false,0,3,0,6,1,,,2,3,8
90,2,4,413,6,ACCELERATING,false,0,3,0,7,1,,,2,3,12
91,2,4,419,6,USED_LIZARD,false,0,3,0,7,0,,,2,3,12
92,2,4,425,0,HIT_WALL,false,0,5,0,7,0,,,2,3,4
93,2,4,425,0,FIXED_CAR,false,0,3,0,7,0,,,2,3,4
94,2,4,428,3,HIT_MUD,false,0,4,0,7,0,,,2,3,1
95,2,4,431,3,ACCELERATING,false,0,4,0,7,0,,,2,3,1
96,2,4,434,3,ACCELERATING,false,0,4,0,7,0,,,2,3,1
97,2,4,437,3,ACCELERATING,false,0,4,0,7,1,,,2,3,5
98,2,4,440,3,ACCELERATING,false,0,4,0,7,2,,,2,3,9
99,2,4,443,3,ACCELERATING,false,0,4,0,7,2,,,2,3,9
100,2,4,446,3,ACCELERATING,false,0,4,0,7,2,,,2,3,9
101,2,4,449,3,ACCELERATING,false,0,4,0,7,2,,,2,3,9
102,2,4,452,3,ACCELERATING,false,0,4,0,7,2,,,2,3,9
103,2,4,455,3,ACCELERATING,false,0,4,0,7,2,,,2,3,9
104,2,4,458,0,HIT_MUD,false,0,5,0,7,2,,,2,3,6
105,2,4,458,0,FIXED_CAR,false,0,3,0,7,2,,,2,3,6
106,2,4,461,3,ACCELERATING,false,0,3,0,7,2,,,2,3,6
107,2,4,467,6,ACCELERATING,false,0,3,0,7,2,,,2,3,6
108,2,4,473,6,USED_LIZARD,false,0,3,0,7,1,,,2,3,6
109,2,4,479,6,USED_LIZARD,false,0,3,0,7,0,,,2,3,6
110,2,4,485,3,HIT_MUD,false,0,4,0,7,0,,,2,3,3
111,2,4,488,3,ACCELERATING,false,0,4,0,7,0,,,3,3,7
112,2,4,491,3,ACCELERATING,false,0,4,0,7,0,,,3,3,7
113,2,4,494,3,ACCELERATING,false,0,4,0,7,0,,,3,3,7
114,2,4,497,0,HIT_WALL,false,0,5,0,7,0,,,3,3,2
115,2,4,497,0,FIXED_CAR,false,0,3,0,7,0,,,3,3,2
116,2,4,500,3,ACCELERATING,false,0,3,0,7,0,,,3,3,2
117,2,4,506,6,ACCELERATING,false,0,3,0,7,0,,,3,3,2
118,2,4,512,0,HIT_WALL,false,0,5,0,7,0,,,3,3,-3
119,2,4,512,0,FIXED_CAR,false,0,3,0,7,0,,,3,3,-3
120,2,4,515,3,ACCELERATING,false,0,3,0,7,0,,,3,3,-3
121,2,4,521,3,HIT_MUD,false,0,4,0,7,0,,,3,3,-6
122,2,4,524,3,ACCELERATING,false,0,4,0,7,0,,,3,3,-6
123,2,4,527,3,ACCELERATING,false,0,4,0,7,0,,,3,3,-6
124,2,4,530,3,ACCELERATING,false,0,4,0,7,0,,,3,3,-6
125,2,4,533,3,ACCELERATING,false,0,4,0,7,0,,,3,3,-6
126,2,4,536,3,ACCELERATING,false,0,4,0,7,0,,,3,3,-6
127,2,4,539,3,ACCELERATING,false,0,4,0,7,0,,,3,3,-6
128,2,4,542,3,ACCELERATING,false,0,4,0,7,0,,,3,3,-6
129,2,4,545,3,ACCELERATING,false,0,4,0,7,0,,,3,3,-6
130,2,4,548,3,ACCELERATING,false,0,4,0,7,0,,,4,3,-2
131,2,4,551,0,HIT_MUD,false,0,5,0,7,0,,,4,3,-5
132,2,4,551,0,FIXED_CAR,false,0,3,0,7,0,,,4,3,-5
133,2,4,554,3,ACCELERATING,false,0,3,0,7,0,,,4,3,-5
134,2,4,560,3,HIT_MUD,false,0,4,1,7,0,,,4,3,-4
135,2,4,563,3,ACCELERATING,false,0,4,1,7,0,,,4,3,-4
136,2,4,566,3,ACCELERATING,false,0,4,1,7,0,,,4,3,-4
137,2,4,569,3,ACCELERATING,false,0,4,2,7,0,,,4,3,0
138,2,4,572,3,ACCELERATING,false,0,4,2,7,0,,,4,3,0
139,2,4,575,3,ACCELERATING,false,0,4,2,7,0,,,4,3,0
140,2,4,578,3,ACCELERATING,false,0,4,2,7,0,,,4,3,0
141,2,4,581,3,ACCELERATING,false,0,4,2,7,0,,,4,3,0
142,2,4,584,3,ACCELERATING,false,0,4,3,7,0,,,4,3,4
143,2,4,587,3,ACCELERATING,false,0,4,3,7,0,,,4,3,4
144,2,4,590,0,HIT_MUD,false,0,5,3,7,1,,,4,3,5
145,2,4,590,0,FIXED_CAR,false,0,3,3,7,1,,,4,3,5
146,2,4,593,3,ACCELERATING,false,0,3,3,7,1,,,4,3,5
147,2,4,599,6,ACCELERATING,false,0,3,3,7,1,,,4,3,5
148,2,4,605,6,USED_LIZARD,false,0,3,3,7,0,,,4,3,5
149,2,4,611,0,HIT_MUD,false,0,5,2,7,0,,,4,3,0
150,2,4,611,0,FIXED_CAR,false,0,3,2,7,0,,,4,3,0
151,2,4,614,3,ACCELERATING,false,0,3,2,7,0,,,4,3,0
152,2,4,620,0,HIT_WALL,false,0,5,3,7,0,,,4,4,3
153,2,4,620,0,FIXED_CAR,false,0,3,3,7,0,,,4,4,3
154,2,4,623,3,HIT_MUD,false,0,4,3,7,0,,,4,4,0
155,2,4,626,3,ACCELERATING,false,0,4,3,7,0,,,4,4,0
156,2,4,629,3,ACCELERATING,false,0,4,3,7,0,,,4,4,0
157,2,4,632,3,ACCELERATING,false,0,4,3,7,0,,,4,4,0
158,2,4,635,3,ACCELERATING,false,0,4,3,7,0,,,4,4,0
159,2,4,638,3,ACCELERATING,false,0,4,3,7,0,,,4,4,0
160,2,4,641,0,HIT_MUD,false,0,5,3,8,0,,,4,4,1
161,2,4,641,0,FIXED_CAR,false,0,3,3,8,0,,,4,4,1
162,2,4,644,3,ACCELERATING,false,0,3,3,8,0,,,4,4,1
163,2,4,650,6,ACCELERATING,false,0,3,3,8,0,,,4,4,1
164,2,4,656,0,HIT_MUD,false,0,5,2,8,0,,,4,4,-10
165,2,4,656,0,FIXED_CAR,false,0,3,2,8,0,,,4,4,-10
166,2,4,659,3,ACCELERATING,false,0,3,2,8,0,,,4,4,-10
167,2,4,665,0,HIT_MUD,false,0,5,2,8,0,,,4,4,-19
168,2,4,665,0,FIXED_CAR,false,0,3,2,8,0,,,4,4,-19
169,2,4,668,3,ACCELERATING,false,0,3,2,8,0,,,4,4,-19
170,2,4,674,6,ACCELERATING,false,0,3,2,8,0,,,4,4,-19
171,2,4,680,6,USED_BOOST,true,5,3,1,8,0,,,5,4,-11
172,2,4,686,6,USED_BOOST,true,5,3,0,8,0,,,5,4,-7
173,2,4,692,3,HIT_MUD,false,0,4,0,8,0,,,5,4,-10
174,2,4,695,3,ACCELERATING,false,0,4,0,8,0,,,5,4,-10
175,2,4,698,3,ACCELERATING,false,0,4,0,8,0,,,5,4,-10
176,2,4,701,0,HIT_MUD,false,0,5,0,8,0,,,5,4,-13
177,2,4,701,0,FIXED_CAR,false,0,3,0,8,0,,,5,4,-13
178,2,4,704,3,ACCELERATING,false,0,3,0,8,0,,,5,4,-13
179,2,4,710,6,ACCELERATING,false,0,3,0,8,0,,,5,4,-13
180,2,4,716,0,HIT_WALL,false,0,5,0,8,0,,,5,4,-18
181,2,4,716,0,FIXED_CAR,false,0,3,0,8,0,,,5,4,-18
182,2,4,719,3,HIT_MUD,false,0,4,0,8,0,,,5,4,-21
183,2,4,722,3,ACCELERATING,false,0,4,0,8,0,,,5,4,-21
184,2,4,725,0,HIT_MUD,false,0,5,0,8,0,,,5,4,-24
185,2,4,725,0,FIXED_CAR,false,0,3,0,8,0,,,5,4,-24
186,2,4,728,3,ACCELERATING,false,0,3,0,8,0,,,5,4,-24
187,2,4,734,6,ACCELERATING,false,0,3,0,9,0,,,5,4,-20
188,2,4,740,6,ACCELERATING,false,0,3,0,9,0,,,5,4,-20
189,2,4,746,6,ACCELERATING,false,0,3,0,9,0,,,5,4,-20
190,2,4,752,6,ACCELERATING,false,0,3,0,10,0,,,5,4,-16
191,2,4,758,6,ACCELERATING,false,0,3,0,10,0,,,5,4,-16
192,2,4,764,0,HIT_MUD,false,0,5,0,10,0,,,5,4,-25
193,2,4,764,0,FIXED_CAR,false,0,3,0,10,0,,,5,4,-25
194,2,4,767,3,ACCELERATING,false,0,3,0,10,0,,,5,4,-25
195,2,4,773,6,ACCELERATING,false,0,3,0,10,1,,,5,4,-21
196,2,4,779,6,USED_LIZARD,false,0,3,0,10,0,,,5,4,-21
197,2,4,785,3,HIT_MUD,false,0,4,0,10,0,,,5,4,-24
198,2,4,788,3,ACCELERATING,false,0,4,0,10,0,,,5,5,-20
199,2,4,791,0,HIT_MUD,false,0,5,0,10,0,,,5,5,-23
200,2,4,791,0,FIXED_CAR,false,0,3,0,10,0,,,5,5,-23
201,2,4,794,3,ACCELERATING,false,0,3,0,10,0,,,5,5,-23
202,2,4,800,6,ACCELERATING,false,0,3,0,10,0,,,5,5,-23
203,2,4,806,3,HIT_MUD,false,0,4,0,11,0,,,5,5,-22
204,2,4,809,3,ACCELERATING,false,0,4,0,11,0,,,5,5,-22
205,2,4,812,0,HIT_MUD,false,0,5,0,11,0,,,5,5,-25
206,2,4,812,0,FIXED_CAR,false,0,3,0,11,0,,,5,5,-25
207,2,4,815,3,ACCELERATING,false,0,3,0,11,0,,,5,5,-25
208,2,4,821,6,ACCELERATING,false,0,3,0,11,0,,,5,5,-25
209,2,4,827,6,ACCELERATING,false,0,3,0,11,0,,,5,6,-21
210,2,4,833,6,ACCELERATING,false,0,3,1,11,0,,,5,6,-17
211,2,4,839,0,HIT_WALL,false,0,5,0,11,0,,,5,6,-18
212,2,4,839,0,FIXED_CAR,false,0,3,0,11,0,,,5,6,-18
213,2,4,842,3,ACCELERATING,false,0,3,0,11,0,,,5,6,-18
214,2,4,848,3,HIT_MUD,false,0,4,0,11,0,,,5,6,-21
215,2,4,851,3,ACCELERATING,false,0,4,0,11,0,,,5,6,-21
216,2,4,854,0,HIT_MUD,false,0,5,0,11,0,,,5,6,-24
217,2,4,854,0,FIXED_CAR,false,0,3,0,11,0,,,5,6,-24
218,2,4,857,3,ACCELERATING,false,0,3,0,11,0,,,5,6,-24
219,2,4,863,6,ACCELERATING,false,0,3,0,11,0,,,5,7,-20
220,2,4,869,6,ACCELERATING,false,0,3,0,11,0,,,5,7,-20
221,2,4,875,0,HIT_WALL,false,0,5,0,11,0,,,5,7,-25
222,2,4,875,0,FIXED_CAR,false,0,3,0,11,0,,,5,7,-25
223,2,4,878,3,ACCELERATING,false,0,3,0,11,0,,,5,7,-25
224,2,4,884,6,ACCELERATING,false,0,3,0,12,1,,,5,7,-17
225,2,4,890,6,ACCELERATING,false,0,3,0,12,1,,,5,7,-17
226,2,4,896,6,ACCELERATING,false,0,3,0,12,1,,,5,7,-17
227,2,4,902,6,ACCELERATING,false,0,3,0,12,2,,,5,7,-13
228,2,4,908,6,ACCELERATING,false,0,3,0,12,2,,,5,7,-13
229,2,4,914,6,ACCELERATING,false,0,3,0,12,2,,,5,7,-13
230,2,4,920,6,ACCELERATING,false,0,3,0,12,2,,,5,7,-13
231,2,4,926,6,ACCELERATING,false,0,3,0,12,2,,,5,7,-13
232,2,4,932,6,USED_LIZARD,false,0,3,0,12,1,,,5,7,-13
233,2,4,938,6,ACCELERATING,false,0,3,0,12,1,,,5,7,-13
234,2,4,944,6,ACCELERATING,false,0,3,0,12,1,,,5,7,-13
235,2,4,950,6,ACCELERATING,false,0,3,0,12,1,,,5,7,-13
236,2,4,956,6,ACCELERATING,false,0,3,0,12,1,,,5,7,-13
237,2,4,962,6,ACCELERATING,false,0,3,0,12,1,,,5,7,-13
238,2,4,968,6,ACCELERATING,false,0,3,0,12,1,,,5,7,-13
239,2,4,974,3,HIT_MUD,false,0,4,0,12,0,,,5,7,-16
240,2,4,977,3,ACCELERATING,false,0,4,0,12,0,,,5,7,-16
241,2,4,980,3,ACCELERATING,false,0,4,0,12,0,,,5,7,-16
242,2,4,983,3,ACCELERATING,false,0,4,1,12,0,,,5,7,-12
243,2,4,986,0,HIT_MUD,false,0,5,1,12,0,,,5,7,-15
244,2,4,986,0,FIXED_CAR,false,0,3,1,12,0,,,5,7,-15
245,2,4,989,3,ACCELERATING,false,0,3,1,12,0,,,5,7,-15
246,2,4,995,6,ACCELERATING,false,0,3,1,12,0,,,5,7,-15
247,2,4,1001,6,USED_BOOST,true,5,3,0,12,0,,,5,7,-11
248,2,4,1007,6,ACCELERATING,true,4,3,0,13,0,,,6,7,-3
249,2,4,1013,6,ACCELERATING,true,3,3,0,13,0,,,6,7,-3
250,2,4,1019,3,HIT_MUD,false,0,4,0,13,0,,,6,7,-6
251,2,4,1022,3,ACCELERATING,false,0,4,0,13,0,,,6,7,-6
252,2,4,1025,3,ACCELERATING,false,0,4,1,13,0,,,6,7,-2
253,2,4,1028,3,ACCELERATING,false,0,4,1,13,0,,,6,7,-2
254,2,4,1031,3,ACCELERATING,false,0,4,1,13,0,,,6,7,-2
255,2,4,1034,3,ACCELERATING,false,0,4,1,13,0,,,6,7,-2
256,2,4,1037,3,ACCELERATING,false,0,4,1,13,0,,,6,7,-2
257,2,4,1040,3,ACCELERATING,false,0,4,1,13,0,,,6,7,-2
258,2,4,1043,0,HIT_MUD,false,0,5,1,13,0,,,6,7,-5
259,2,4,1043,0,FIXED_CAR,false,0,3,1,13,0,,,6,7,-5
260,2,4,1046,3,HIT_MUD,false,0,4,1,13,0,,,6,7,-8
261,2,4,1049,3,ACCELERATING,false,0,4,1,13,0,,,6,7,-8
262,2,4,1052,3,ACCELERATING,false,0,4,1,13,0,,,6,7,-8
263,2,4,1055,3,ACCELERATING,false,0,4,1,13,0,,,6,7,-8
264,2,4,1058,3,ACCELERATING,false,0,4,1,13,0,,,6,7,-8
265,2,4,1061,0,HIT_MUD,false,0,5,1,13,0,,,6,7,-14
266,2,4,1061,0,FIXED_CAR,false,0,3,1,13,0,,,6,7,-14
267,2,4,1064,0,HIT_MUD,false,0,5,1,13,0,,,6,7,-23
268,2,4,1064,0,FIXED_CAR,false,0,3,1,13,0,,,6,7,-23
269,2,4,1067,3,HIT_MUD,false,0,4,1,13,0,,,6,7,-26
270,2,4,1070,3,ACCELERATING,false,0,4,1,13,0,,,6,7,-26
271,2,4,1073,3,ACCELERATING,false,0,4,1,13,1,,,6,7,-22
272,2,4,1076,3,ACCELERATING,false,0,4,1,13,1,,,6,7,-22
273,2,4,1079,0,HIT_MUD,false,0,5,1,13,1,,,6,7,-25
274,2,4,1079,0,FIXED_CAR,false,0,3,1,13,1,,,6,7,-25
275,2,4,1082,0,HIT_WALL,false,0,5,1,13,1,,,6,7,-30
276,2,4,1082,0,FIXED_CAR,false,0,3,1,13,1,,,6,7,-30
277,2,4,1085,3,ACCELERATING,false,0,3,1,13,2,,,6,7,-26
278,2,4,1091,3,HIT_MUD,false,0,4,1,13,2,,,6,8,-25
279,2,4,1094,3,ACCELERATING,false,0,4,1,13,2,,,6,8,-25
280,2,4,1097,3,ACCELERATING,false,0,4,1,13,2,,,6,8,-25
281,2,4,1100,3,ACCELERATING,false,0,4,1,13,2,,,6,8,-25
282,2,4,1103,0,HIT_MUD,false,0,5,1,13,2,,,6,8,-28
283,2,4,1103,0,FIXED_CAR,false,0,3,1,13,2,,,6,8,-28
284,2,4,1106,3,ACCELERATING,false,0,3,1,14,2,,,6,8,-24
285,2,4,1112,6,ACCELERATING,false,0,3,1,14,2,,,7,8,-20
286,2,4,1118,6,USED_BOOST,true,5,3,0,14,2,,,7,8,-16
287,2,4,1124,6,USED_LIZARD,true,4,3,0,14,1,,,7,8,-16
288,2,4,1130,6,USED_LIZARD,true,3,3,0,14,0,,,7,8,-16
289,2,4,1136,3,HIT_MUD,false,0,4,0,14,0,,,7,9,-15
290,2,4,1139,3,ACCELERATING,false,0,4,0,14,0,,,7,9,-15
291,2,4,1142,3,ACCELERATING,false,0,4,0,14,0,,,7,9,-15
292,2,4,1145,3,ACCELERATING,false,0,4,0,14,0,,,7,9,-15
293,2,4,1148,3,ACCELERATING,false,0,4,0,14,0,,,7,9,-15
294,2,4,1151,3,ACCELERATING,false,0,4,0,14,0,,,7,9,-15
295,2,4,1154,3,ACCELERATING,false,0,4,0,14,0,,,7,9,-15
296,2,4,1157,3,ACCELERATING,false,0,4,0,14,0,,,7,9,-15
297,2,4,1160,3,ACCELERATING,false,0,4,0,14,0,,,7,9,-15
298,2,4,1163,3,ACCELERATING,false,0,4,0,14,0,,,7,9,-15
299,2,4,1166,3,ACCELERATING,false,0,4,0,14,0,,,7,9,-15
300,2,4,1169,3,ACCELERATING,false,0,4,0,14,0,,,7,9,-15
301,2,4,1172,0,HIT_MUD,false,0,5,0,14,0,,,7,9,-18
302,2,4,1172,0,FIXED_CAR,false,0,3,0,14,0,,,7,9,-18
303,2,4,1175,3,ACCELERATING,false,0,3,0,14,0,,,7,9,-18
304,2,4,1181,3,HIT_MUD,false,0,4,0,14,0,,,7,9,-21
305,2,4,1184,3,ACCELERATING,false,0,4,0,14,0,,,7,9,-21
306,2,4,1187,3,ACCELERATING,false,0,4,0,14,0,,,7,10,-17
307,2,4,1190,3,ACCELERATING,false,0,4,0,14,0,,,7,10,-17
308,2,4,1193,3,ACCELERATING,false,0,4,0,14,0,,,7,10,-17
309,2,4,1196,3,ACCELERATING,false,0,4,0,14,0,,,7,10,-17
310,2,4,1199,3,ACCELERATING,false,0,4,0,14,0,,,7,10,-17
311,2,4,1202,3,ACCELERATING,false,0,4,0,14,0,,,7,10,-17
312,2,4,1205,3,ACCELERATING,false,0,4,0,14,0,,,7,11,-13
313,2,4,1208,3,ACCELERATING,false,0,4,0,14,0,,,7,11,-13
314,2,4,1211,3,ACCELERATING,false,0,4,0,14,0,,,7,11,-13
315,2,4,1214,3,ACCELERATING,false,0,4,0,14,0,,,7,11,-13
316,2,4,1217,3,ACCELERATING,false,0,4,0,14,0,,,7,11,-13
317,2,4,1220,3,ACCELERATING,false,0,4,0,14,0,,,7,11,-13
318,2,4,1223,0,HIT_MUD,false,0,5,0,14,0,,,7,11,-19
319,2,4,1223,0,FIXED_CAR,false,0,3,0,14,0,,,7,11,-19
320,2,4,1226,3,HIT_MUD,false,0,4,0,14,0,,,7,11,-22
321,2,4,1229,3,ACCELERATING,false,0,4,0,14,0,,,7,11,-22
322,2,4,1232,3,ACCELERATING,false,0,4,0,14,0,,,7,11,-22
323,2,4,1235,3,ACCELERATING,false,0,4,0,14,0,,,7,11,-22
324,2,4,1238,3,ACCELERATING,false,0,4,0,14,0,,,7,11,-22
325,2,4,1241,3,ACCELERATING,false,0,4,0,14,0,,,7,11,-22
326,2,4,1244,3,ACCELERATING,false,0,4,0,14,0,,,7,11,-22
327,2,4,1247,3,ACCELERATING,false,0,4,0,14,0,,,7,11,-22
328,2,4,1250,3,ACCELERATING,false,0,4,0,14,0,,,7,11,-22
329,2,4,1253,3,ACCELERATING,false,0,4,0,14,0,,,7,11,-22
330,2,4,1256,3,ACCELERATING,false,0,4,0,14,0,,,7,11,-22
331,2,4,1259,3,ACCELERATING,false,0,4,0,14,0,,,7,11,-22
332,2,4,1262,0,HIT_MUD,false,0,5,0,14,0,,,7,11,-25
333,2,4,1262,0,FIXED_CAR,false,0,3,0,14,0,,,7,11,-25
334,2,4,1265,3,ACCELERATING,false,0,3,0,14,0,,,7,11,-25
335,2,4,1271,6,ACCELERATING,false,0,3,0,14,0,,,8,11,-21
336,2,4,1277,6,ACCELERATING,false,0,3,0,14,0,,,8,11,-21
337,2,4,1283,6,ACCELERATING,false,0,3,0,14,0,,,8,11,-21
338,2,4,1289,6,ACCELERATING,false,0,3,0,14,0,,,8,11,-21
339,2,4,1295,3,HIT_MUD,false,0,4,1,14,0,,,8,11,-20
340,2,4,1298,3,ACCELERATING,false,0,4,1,14,0,,,9,11,-16
341,2,4,1301,3,ACCELERATING,false,0,4,1,14,0,,,9,11,-16
342,2,4,1304,3,ACCELERATING,false,0,4,1,15,0,,,9,11,-12
343,2,4,1307,3,ACCELERATING,false,0,4,1,15,0,,,9,11,-12
344,2,4,1310,0,HIT_MUD,false,0,5,1,15,0,,,9,11,-15
345,2,4,1310,0,FIXED_CAR,false,0,3,1,15,0,,,9,11,-15
346,2,4,1313,3,ACCELERATING,false,0,3,1,15,0,,,9,11,-15
347,2,4,1319,3,HIT_MUD,false,0,4,1,15,0,,,9,11,-18
348,2,4,1322,3,ACCELERATING,false,0,4,1,15,0,,,10,11,-14
349,2,4,1325,3,ACCELERATING,false,0,4,1,15,0,,,10,11,-14
350,2,4,1328,3,ACCELERATING,false,0,4,1,15,0,,,10,11,-14
351,2,4,1331,3,ACCELERATING,false,0,4,1,15,0,,,10,11,-14
352,2,4,1334,3,ACCELERATING,false,0,4,1,15,0,,,10,11,-14
353,2,4,1337,0,HIT_MUD,false,0,5,1,15,1,,,10,11,-16
354,2,4,1337,0,FIXED_CAR,false,0,3,1,15,1,,,10,11,-16
355,2,4,1340,3,ACCELERATING,false,0,3,1,15,1,,,10,11,-16
356,2,4,1346,6,ACCELERATING,false,0,3,1,15,1,,,10,11,-16
357,2,4,1352,6,USED_BOOST,true,5,3,0,15,1,,,10,11,-12
358,2,4,1358,0,HIT_WALL,false,0,5,0,15,1,,,10,11,-17
359,2,4,1358,0,FIXED_CAR,false,0,3,0,15,1,,,10,11,-17
360,2,4,1361,3,ACCELERATING,false,0,3,0,16,1,,,10,11,-13
361,2,4,1367,6,ACCELERATING,false,0,3,0,17,1,,,10,11,-9
362,2,4,1373,6,USED_LIZARD,false,0,3,0,17,0,,,10,11,-9
363,2,4,1379,3,HIT_MUD,false,0,4,0,17,1,,,10,11,-8
364,2,4,1382,3,ACCELERATING,false,0,4,0,17,1,,,10,11,-8
365,2,4,1385,3,ACCELERATING,false,0,4,0,17,1,,,10,11,-8
366,2,4,1388,0,HIT_WALL,false,0,5,0,17,1,,,10,11,-13
367,2,4,1388,0,FIXED_CAR,false,0,3,0,17,1,,,10,11,-13
368,2,4,1391,0,HIT_WALL,false,0,5,0,17,1,,,10,11,-18
369,2,4,1391,0,FIXED_CAR,false,0,3,0,17,1,,,10,11,-18
370,2,4,1394,3,ACCELERATING,false,0,3,0,17,1,,,10,11,-18
371,2,4,1400,3,HIT_MUD,false,0,4,0,17,1,,,10,11,-21
372,2,4,1403,3,ACCELERATING,false,0,4,0,17,1,,,10,11,-21
373,2,4,1406,0,HIT_MUD,false,0,5,0,17,1,,,10,11,-24
374,2,4,1406,0,FIXED_CAR,false,0,3,0,17,1,,,10,11,-24
375,2,4,1409,3,ACCELERATING,false,0,3,0,17,1,,,10,11,-24
376,2,4,1415,3,HIT_MUD,false,0,4,0,17,1,,,10,11,-27
377,2,4,1418,3,ACCELERATING,false,0,4,0,17,1,,,10,11,-27
378,2,4,1421,3,ACCELERATING,false,0,4,0,17,1,,,10,11,-27
379,2,4,1424,3,ACCELERATING,false,0,4,0,17,1,,,10,11,-27
380,2,4,1427,3,ACCELERATING,false,0,4,0,17,1,,,10,11,-27
381,2,4,1430,3,ACCELERATING,false,0,4,0,17,1,,,10,11,-27
382,2,4,1433,3,ACCELERATING,false,0,4,0,17,1,,,10,11,-27
383,2,4,1436,3,ACCELERATING,false,0,4,0,17,1,,,10,11,-27
384,2,4,1439,3,ACCELERATING,false,0,4,0,17,2,,,10,11,-23
385,2,4,1442,3,ACCELERATING,false,0,4,0,17,2,,,10,11,-23
386,2,4,1445,3,ACCELERATING,false,0,4,0,17,2,,,10,11,-23
387,2,4,1448,3,ACCELERATING,false,0,4,0,17,2,,,10,11,-23
388,2,4,1451,3,ACCELERATING,false,0,4,0,17,2,,,10,11,-23
389,2,4,1454,3,ACCELERATING,false,0,4,0,17,2,,,10,11,-23
390,2,4,1457,3,ACCELERATING,false,0,4,1,17,2,,,10,11,-19
391,2,4,1460,3,ACCELERATING,false,0,4,1,17,2,,,10,11,-19
392,2,4,1463,3,ACCELERATING,false,0,4,1,18,2,,,10,11,-15
393,2,4,1466,3,ACCELERATING,false,0,4,1,18,2,,,10,11,-15
394,2,4,1469,3,ACCELERATING,false,0,4,1,18,2,,,10,11,-15
395,2,4,1472,3,ACCELERATING,false,0,4,1,18,2,,,10,11,-15
396,2,4,1475,3,ACCELERATING,false,0,4,1,18,2,,,10,11,-15
397,2,4,1478,3,ACCELERATING,false,0,4,1,18,3,,,10,11,-11
398,2,4,1481,3,ACCELERATING,false,0,4,1,18,3,,,10,11,-11
399,2,4,1484,3,ACCELERATING,false,0,4,1,18,3,,,10,11,-11
400,2,4,1487,3,ACCELERATING,false,0,4,1,18,3,,,10,11,-11
401,2,4,1490,0,HIT_MUD,false,0,5,1,18,3,,,10,12,-10
402,2,4,1490,0,FIXED_CAR,false,0,3,1,18,3,,,10,12,-10
403,2,4,1493,3,HIT_MUD,false,0,4,1,18,3,,,10,12,-13
404,2,4,1496,3,ACCELERATING,false,0,4,1,18,3,,,10,12,-13
405,2,4,1499,0,HIT_WALL,false,0,5,1,18,3,,,11,12,-14
406,2,4,1499,0,FIXED_CAR,false,0,3,1,18,3,,,11,12,-14
